﻿designator,quantity,value,pack,mpn,mount_type
"C1, C15, C16, C2, C8",5,0.1uF,C_Disc_D5.0mm_W2.5mm_P2.50mm,,tht
"C10, C7",2,10uF,CP_Radial_D4.0mm_P1.50mm,,tht
C12,1,1uF,CP_Radial_D5.0mm_P2.00mm,,tht
C13,1,1uF,CP_Radial_D5.0mm_P2.50mm,,tht
C14,1,0.002uF,C_Disc_D4.7mm_W2.5mm_P5.00mm,,tht
"C17, C19, C3",3,100pF,C_Disc_D3.4mm_W2.1mm_P2.50mm,,tht
C18,1,4.7pF,C_Disc_D3.4mm_W2.1mm_P2.50mm,,tht
C4,1,10pF,C_Disc_D3.4mm_W2.1mm_P2.50mm,,tht
C5,1,0.001uF,C_Disc_D3.4mm_W2.1mm_P2.50mm,,tht
C6,1,.005uF,C_Axial_L12.0mm_D6.5mm_P15.00mm_Horizontal,,tht
"D1, D2, D3, D4, D5, D6, D7, D8",8,1N914,D_DO-35_SOD27_P7.62mm_Horizontal,,tht
J1,1,Conn_02x05_Odd_Even,IDC-Header_2x05_P2.54mm_Vertical,,tht
"J12, J15",2,Conn_01x04,PinHeader_1x04_P2.54mm_Vertical,,tht
"J13, J14",2,Conn_01x02,PinHeader_1x02_P2.54mm_Vertical,,tht
"J24, J26, J27",3,Conn_01x03,PinHeader_1x03_P2.54mm_Vertical,,tht
Q1,1,PN4391,TO-92,,tht
"R1, R12, R13, R17, R25, R32, R35, R40, R42, R47, R71",11,10k,R_Axial_DIN0207_L6.3mm_D2.5mm_P7.62mm_Horizontal,,tht
"R10, R15, R18, R23, R27, R29, R31, R44, R50, R6, R66, R67",12,100k,R_Axial_DIN0207_L6.3mm_D2.5mm_P7.62mm_Horizontal,,tht
"R11, R60, R64",3,100k,Potentiometer_Bourns_3339P_Vertical,,tht
"R14, R21, R48",3,20k,R_Axial_DIN0207_L6.3mm_D2.5mm_P7.62mm_Horizontal,,tht
R16,1,100,Potentiometer_Bourns_3339P_Vertical,,tht
R19,1,475,R_Axial_DIN0207_L6.3mm_D2.5mm_P7.62mm_Horizontal,,tht
"R20, R65",2,47k,R_Axial_DIN0207_L6.3mm_D2.5mm_P7.62mm_Horizontal,,tht
"R22, R26, R34, R49, R51",5,1k,R_Axial_DIN0207_L6.3mm_D2.5mm_P7.62mm_Horizontal,,tht
R24,1,1.5k,R_Axial_DIN0207_L6.3mm_D2.5mm_P7.62mm_Horizontal,,tht
"R28, R30, R45, R69, R8",5,1M,R_Axial_DIN0207_L6.3mm_D2.5mm_P7.62mm_Horizontal,,tht
"R36, R52, R9",3,4.7k,R_Axial_DIN0207_L6.3mm_D2.5mm_P7.62mm_Horizontal,,tht
R41,1,3k,R_Axial_DIN0207_L6.3mm_D2.5mm_P7.62mm_Horizontal,,tht
R46,1,2k,R_Axial_DIN0207_L6.3mm_D2.5mm_P7.62mm_Horizontal,,tht
"R5, R7",2,10k,Potentiometer_Bourns_3339P_Vertical,,tht
R53,1,130k,R_Axial_DIN0207_L6.3mm_D2.5mm_P7.62mm_Horizontal,,tht
"R56, R57",2,200k,R_Axial_DIN0207_L6.3mm_D2.5mm_P7.62mm_Horizontal,,tht
R59,1,1M,Potentiometer_Bourns_3339P_Vertical,,tht
R61,1,470k,R_Axial_DIN0207_L6.3mm_D2.5mm_P7.62mm_Horizontal,,tht
R68,1,10M,R_Axial_DIN0207_L6.3mm_D2.5mm_P7.62mm_Horizontal,,tht
R70,1,18k,R_Axial_DIN0207_L6.3mm_D2.5mm_P7.62mm_Horizontal,,tht
U1,1,OP275,DIP-8_W7.62mm_Socket_LongPads,,tht
"U2, U6",2,TL072,DIP-8_W7.62mm_Socket_LongPads,,tht
U3,1,SSM2212,SOIC-8_3.9x4.9mm_P1.27mm,,smt
U4,1,TL074,DIP-14_W7.62mm_Socket_LongPads,,tht
U5,1,LM13700,SOIC-16_3.9x9.9mm_P1.27mm,,smt
U7,1,TL071,DIP-8_W7.62mm_Socket_LongPads,,tht
kibuzzard-65B0951C,1,G***,kibuzzard-65B0951C,,tht
kibuzzard-65B09543,1,G***,kibuzzard-65B09543,,tht
