﻿pos_x,pos_y,rotation,side,designator,mpn,pack,value,mount_type,place
138.4375,-79.248,0.0,top,C1,,C_Disc_D5.0mm_W2.5mm_P2.50mm,0.1uF,tht,True
105.386,-107.696,180.0,top,C10,,CP_Radial_D4.0mm_P1.50mm,10uF,tht,True
193.168651,-83.566,180.0,top,C12,,CP_Radial_D5.0mm_P2.00mm,1uF,tht,True
168.019349,-83.566,0.0,top,C13,,CP_Radial_D5.0mm_P2.50mm,1uF,tht,True
141.8,-119.875,-90.0,top,C14,,C_Disc_D4.7mm_W2.5mm_P5.00mm,0.002uF,tht,True
188.234,-92.456,0.0,top,C15,,C_Disc_D5.0mm_W2.5mm_P2.50mm,0.1uF,tht,True
173.188,-97.536,180.0,top,C16,,C_Disc_D5.0mm_W2.5mm_P2.50mm,0.1uF,tht,True
142.45,-110.85,90.0,top,C17,,C_Disc_D3.4mm_W2.1mm_P2.50mm,100pF,tht,True
142.45,-106.175,90.0,top,C18,,C_Disc_D3.4mm_W2.1mm_P2.50mm,4.7pF,tht,True
121.666,-87.63,90.0,top,C19,,C_Disc_D3.4mm_W2.1mm_P2.50mm,100pF,tht,True
144.8075,-79.248,0.0,top,C2,,C_Disc_D5.0mm_W2.5mm_P2.50mm,0.1uF,tht,True
121.92,-116.078,0.0,top,C3,,C_Disc_D3.4mm_W2.1mm_P2.50mm,100pF,tht,True
180.106,-100.584,0.0,top,C4,,C_Disc_D3.4mm_W2.1mm_P2.50mm,10pF,tht,True
117.856,-123.698,90.0,top,C5,,C_Disc_D3.4mm_W2.1mm_P2.50mm,0.001uF,tht,True
146.438,-97.79,180.0,top,C6,,C_Axial_L12.0mm_D6.5mm_P15.00mm_Horizontal,.005uF,tht,True
104.302401,-81.425,0.0,top,C7,,CP_Radial_D4.0mm_P1.50mm,10uF,tht,True
132.08,-90.15,-90.0,top,C8,,C_Disc_D5.0mm_W2.5mm_P2.50mm,0.1uF,tht,True
125.222,-92.456,-90.0,top,D1,,D_DO-35_SOD27_P7.62mm_Horizontal,1N914,tht,True
150.114,-92.451,90.0,top,D2,,D_DO-35_SOD27_P7.62mm_Horizontal,1N914,tht,True
150.114,-94.991,-90.0,top,D3,,D_DO-35_SOD27_P7.62mm_Horizontal,1N914,tht,True
171.45,-75.184,180.0,top,D4,,D_DO-35_SOD27_P7.62mm_Horizontal,1N914,tht,True
163.83,-67.57,0.0,top,D5,,D_DO-35_SOD27_P7.62mm_Horizontal,1N914,tht,True
171.45,-70.104,180.0,top,D6,,D_DO-35_SOD27_P7.62mm_Horizontal,1N914,tht,True
163.83,-72.644,0.0,top,D7,,D_DO-35_SOD27_P7.62mm_Horizontal,1N914,tht,True
131.582,-118.628,0.0,top,D8,,D_DO-35_SOD27_P7.62mm_Horizontal,1N914,tht,True
107.0,-99.54,180.0,top,J1,,IDC-Header_2x05_P2.54mm_Vertical,Conn_02x05_Odd_Even,tht,True
106.426,-68.326,0.0,top,J12,,PinHeader_1x04_P2.54mm_Vertical,Conn_01x04,tht,True
113.85,-120.275,-90.0,top,J13,,PinHeader_1x02_P2.54mm_Vertical,Conn_01x02,tht,True
194.564,-73.401,0.0,top,J14,,PinHeader_1x02_P2.54mm_Vertical,Conn_01x02,tht,True
191.008,-105.156,0.0,top,J15,,PinHeader_1x04_P2.54mm_Vertical,Conn_01x04,tht,True
121.666,-68.087,0.0,top,J24,,PinHeader_1x03_P2.54mm_Vertical,Conn_01x03,tht,True
121.666,-76.962,0.0,top,J26,,PinHeader_1x03_P2.54mm_Vertical,Conn_01x03,tht,True
188.722,-70.358,0.0,top,J27,,PinHeader_1x03_P2.54mm_Vertical,Conn_01x03,tht,True
128.27,-118.618,90.0,top,Q1,,TO-92,PN4391,tht,True
155.956,-67.325,180.0,top,R1,,R_Axial_DIN0207_L6.3mm_D2.5mm_P7.62mm_Horizontal,10k,tht,True
124.714,-79.756,0.0,top,R10,,R_Axial_DIN0207_L6.3mm_D2.5mm_P7.62mm_Horizontal,100k,tht,True
127.508,-110.236,90.0,top,R11,,Potentiometer_Bourns_3339P_Vertical,100k,tht,True
136.398,-86.106,0.0,top,R12,,R_Axial_DIN0207_L6.3mm_D2.5mm_P7.62mm_Horizontal,10k,tht,True
144.272,-114.554,0.0,top,R13,,R_Axial_DIN0207_L6.3mm_D2.5mm_P7.62mm_Horizontal,10k,tht,True
144.4,-121.025,0.0,top,R14,,R_Axial_DIN0207_L6.3mm_D2.5mm_P7.62mm_Horizontal,20k,tht,True
109.455,-67.275,0.0,top,R15,,R_Axial_DIN0207_L6.3mm_D2.5mm_P7.62mm_Horizontal,100k,tht,True
115.57,-79.756,180.0,top,R16,,Potentiometer_Bourns_3339P_Vertical,100,tht,True
115.57,-103.632,0.0,top,R17,,R_Axial_DIN0207_L6.3mm_D2.5mm_P7.62mm_Horizontal,10k,tht,True
117.094,-70.358,180.0,top,R18,,R_Axial_DIN0207_L6.3mm_D2.5mm_P7.62mm_Horizontal,100k,tht,True
124.714,-85.852,0.0,top,R19,,R_Axial_DIN0207_L6.3mm_D2.5mm_P7.62mm_Horizontal,475,tht,True
153.162,-83.561,0.0,top,R20,,R_Axial_DIN0207_L6.3mm_D2.5mm_P7.62mm_Horizontal,47k,tht,True
144.375,-117.95,0.0,top,R21,,R_Axial_DIN0207_L6.3mm_D2.5mm_P7.62mm_Horizontal,20k,tht,True
152.01,-124.35,180.0,top,R22,,R_Axial_DIN0207_L6.3mm_D2.5mm_P7.62mm_Horizontal,1k,tht,True
109.474,-73.406,0.0,top,R23,,R_Axial_DIN0207_L6.3mm_D2.5mm_P7.62mm_Horizontal,100k,tht,True
118.857,-99.822,90.0,top,R24,,R_Axial_DIN0207_L6.3mm_D2.5mm_P7.62mm_Horizontal,1.5k,tht,True
153.162,-80.259,0.0,top,R25,,R_Axial_DIN0207_L6.3mm_D2.5mm_P7.62mm_Horizontal,10k,tht,True
156.337,-109.728,180.0,top,R26,,R_Axial_DIN0207_L6.3mm_D2.5mm_P7.62mm_Horizontal,1k,tht,True
109.474,-76.454,0.0,top,R27,,R_Axial_DIN0207_L6.3mm_D2.5mm_P7.62mm_Horizontal,100k,tht,True
104.902,-111.506,-90.0,top,R28,,R_Axial_DIN0207_L6.3mm_D2.5mm_P7.62mm_Horizontal,1M,tht,True
167.894,-100.838,0.0,top,R29,,R_Axial_DIN0207_L6.3mm_D2.5mm_P7.62mm_Horizontal,100k,tht,True
107.95,-119.126,90.0,top,R30,,R_Axial_DIN0207_L6.3mm_D2.5mm_P7.62mm_Horizontal,1M,tht,True
114.554,-123.698,180.0,top,R31,,R_Axial_DIN0207_L6.3mm_D2.5mm_P7.62mm_Horizontal,100k,tht,True
156.337,-106.426,180.0,top,R32,,R_Axial_DIN0207_L6.3mm_D2.5mm_P7.62mm_Horizontal,10k,tht,True
120.396,-121.666,0.0,top,R34,,R_Axial_DIN0207_L6.3mm_D2.5mm_P7.62mm_Horizontal,1k,tht,True
177.038,-83.312,0.0,top,R35,,R_Axial_DIN0207_L6.3mm_D2.5mm_P7.62mm_Horizontal,10k,tht,True
187.96,-99.314,0.0,top,R36,,R_Axial_DIN0207_L6.3mm_D2.5mm_P7.62mm_Horizontal,4.7k,tht,True
166.116,-90.17,0.0,top,R40,,R_Axial_DIN0207_L6.3mm_D2.5mm_P7.62mm_Horizontal,10k,tht,True
195.58,-96.012,180.0,top,R41,,R_Axial_DIN0207_L6.3mm_D2.5mm_P7.62mm_Horizontal,3k,tht,True
131.826,-114.3,0.0,top,R42,,R_Axial_DIN0207_L6.3mm_D2.5mm_P7.62mm_Horizontal,10k,tht,True
160.782,-124.206,90.0,top,R44,,R_Axial_DIN0207_L6.3mm_D2.5mm_P7.62mm_Horizontal,100k,tht,True
157.734,-124.206,90.0,top,R45,,R_Axial_DIN0207_L6.3mm_D2.5mm_P7.62mm_Horizontal,1M,tht,True
144.018,-92.456,180.0,top,R46,,R_Axial_DIN0207_L6.3mm_D2.5mm_P7.62mm_Horizontal,2k,tht,True
144.018,-89.408,180.0,top,R47,,R_Axial_DIN0207_L6.3mm_D2.5mm_P7.62mm_Horizontal,10k,tht,True
163.83,-116.586,-90.0,top,R48,,R_Axial_DIN0207_L6.3mm_D2.5mm_P7.62mm_Horizontal,20k,tht,True
186.69,-124.206,90.0,top,R49,,R_Axial_DIN0207_L6.3mm_D2.5mm_P7.62mm_Horizontal,1k,tht,True
141.224,-75.692,0.0,top,R5,,Potentiometer_Bourns_3339P_Vertical,10k,tht,True
131.582,-121.422,0.0,top,R50,,R_Axial_DIN0207_L6.3mm_D2.5mm_P7.62mm_Horizontal,100k,tht,True
169.926,-116.586,-90.0,top,R51,,R_Axial_DIN0207_L6.3mm_D2.5mm_P7.62mm_Horizontal,1k,tht,True
183.642,-124.206,90.0,top,R52,,R_Axial_DIN0207_L6.3mm_D2.5mm_P7.62mm_Horizontal,4.7k,tht,True
180.594,-124.206,90.0,top,R53,,R_Axial_DIN0207_L6.3mm_D2.5mm_P7.62mm_Horizontal,130k,tht,True
132.334,-67.564,180.0,top,R56,,R_Axial_DIN0207_L6.3mm_D2.5mm_P7.62mm_Horizontal,200k,tht,True
124.714,-73.66,0.0,top,R57,,R_Axial_DIN0207_L6.3mm_D2.5mm_P7.62mm_Horizontal,200k,tht,True
168.025,-111.237,0.0,top,R59,,Potentiometer_Bourns_3339P_Vertical,1M,tht,True
136.906,-67.325,0.0,top,R6,,R_Axial_DIN0207_L6.3mm_D2.5mm_P7.62mm_Horizontal,100k,tht,True
184.55,-111.25,0.0,top,R60,,Potentiometer_Bourns_3339P_Vertical,100k,tht,True
166.878,-116.586,-90.0,top,R61,,R_Axial_DIN0207_L6.3mm_D2.5mm_P7.62mm_Horizontal,470k,tht,True
176.276,-111.252,0.0,top,R64,,Potentiometer_Bourns_3339P_Vertical,100k,tht,True
124.714,-82.804,0.0,top,R65,,R_Axial_DIN0207_L6.3mm_D2.5mm_P7.62mm_Horizontal,47k,tht,True
120.396,-124.714,0.0,top,R66,,R_Axial_DIN0207_L6.3mm_D2.5mm_P7.62mm_Horizontal,100k,tht,True
173.736,-93.218,180.0,top,R67,,R_Axial_DIN0207_L6.3mm_D2.5mm_P7.62mm_Horizontal,100k,tht,True
177.038,-97.536,0.0,top,R68,,R_Axial_DIN0207_L6.3mm_D2.5mm_P7.62mm_Horizontal,10M,tht,True
145.35,-111.252,90.0,top,R69,,R_Axial_DIN0207_L6.3mm_D2.5mm_P7.62mm_Horizontal,1M,tht,True
151.638,-75.438,0.0,top,R7,,Potentiometer_Bourns_3339P_Vertical,10k,tht,True
131.582,-124.724,0.0,top,R70,,R_Axial_DIN0207_L6.3mm_D2.5mm_P7.62mm_Horizontal,18k,tht,True
132.334,-76.708,180.0,top,R71,,R_Axial_DIN0207_L6.3mm_D2.5mm_P7.62mm_Horizontal,10k,tht,True
124.714,-70.612,0.0,top,R8,,R_Axial_DIN0207_L6.3mm_D2.5mm_P7.62mm_Horizontal,1M,tht,True
128.016,-92.456,-90.0,top,R9,,R_Axial_DIN0207_L6.3mm_D2.5mm_P7.62mm_Horizontal,4.7k,tht,True
111.008,-109.23,0.0,top,U1,,DIP-8_W7.62mm_Socket_LongPads,OP275,tht,True
131.816,-103.388,0.0,top,U2,,DIP-8_W7.62mm_Socket_LongPads,TL072,tht,True
118.857,-96.012,0.0,top,U3,,SOIC-8_3.9x4.9mm_P1.27mm,SSM2212,smt,True
153.426,-87.112,0.0,top,U4,,DIP-14_W7.62mm_Socket_LongPads,TL074,tht,True
175.26,-120.142,0.0,top,U5,,SOIC-16_3.9x9.9mm_P1.27mm,LM13700,smt,True
177.048,-68.844,0.0,top,U6,,DIP-8_W7.62mm_Socket_LongPads,TL072,tht,True
177.048,-86.624,0.0,top,U7,,DIP-8_W7.62mm_Socket_LongPads,TL071,tht,True
110.236,-62.23,0.0,top,kibuzzard-65B0951C,,kibuzzard-65B0951C,G***,tht,False
190.5,-119.634,0.0,top,kibuzzard-65B09543,,kibuzzard-65B09543,G***,tht,False
